"","ERK_b1","EGFR","GRB2","PI3K","MEK_b1","AKT","SPRY","BRAF","GAB1","RAS","PTEN","EGF","HGF","SOS","MET","PDPK1","CRAF","p70_b1","FGF","FGFR2","FRS2","TSC2","mTOR","RHEB","ERBB3","FOXD3","SOX10","ERBB2","p21","p53","ATM","MDM2"
"451Lu",0.60224367347587,0.00193811777134484,0.358894663418974,0.5,0.507638384880912,0.844593782542334,0.687267472783973,0.64690086773546,0.5,0.20092401288312,0.686863357163565,0.164372093848988,NA,0.270498921635081,0.20025974031255,0.161390368907288,0.411870604106641,0.163475309977284,0.0399319821192265,0,0.154945990267178,0.388287758016918,0.840252070304551,0.79549087850873,0.39188339794302,3.7102007014863e-07,1,0.217547466845336,0.126577556537784,0.601119608385173,0.311070672874085,0.32278467127159
"A101D",0.334115417689392,0.421375116517006,0.564281942657294,0.5,0.692885007580144,0.661392258186292,0.666558076909732,0.64690086773546,0.219813347009543,0.471704131495303,0.134007382676316,0.465380870789426,NA,0.388287758016918,0.349606506315721,0.161390368907288,0.411870604106641,0.32278467127159,0.0632906942384417,0,0.5,0.67721532872841,0.790417922092561,0.913738206096719,0.623161286621967,0.999999981891419,2.35254205379216e-96,0.335181352192119,0.637256004537063,0.32278467127159,0.5,0.717293021039706
"A2058",0.342123390325642,0.00193811777134484,0.649021879880022,0.277816166751039,0.556601637913747,0.749999975079816,0.72231457757985,0.32278467127159,0.5,0.514404738840104,0.5,0.299623216190076,NA,0.388287758016918,0.367643332252101,0.161390368907288,0.582160650253424,0.694280834815402,0.0927191911671718,0,0.5,0.791284248958305,0.67721532872841,0.481867506197759,0.70344356672111,0.00250218075611077,2.35254205379216e-96,0.42731565471095,0.198031376700301,0.639862459165394,0.444260436716758,0.32278467127159
"A375",0.366446071316777,0.0362422474611415,0.594168284309893,0.5,0.466694714181038,0.603987856332617,0.78457219452653,0.5,0.219813347009543,0.556754820735967,0.415935327268172,0.243316831854136,NA,0.5,0.367643332252101,0.32278467127159,0.847424212445586,0.766480477982631,0.079863964238453,0,0.64690086773546,0.861194307915595,0.67721532872841,0.517636068113157,0.766285801665485,0.30378281394453,2.35254205379216e-96,0.42731565471095,0.5,0.5,0.5,0.534509292531828
"C2BBe1",0.667177493899967,0.993561085587027,0.757689172498938,0.67721532872841,0.411392335635795,0.103987943476039,0.375907277115012,0.826463000262987,0.939843399805633,0.452782760263968,0.572992885632229,0.395411714445084,NA,0.861194307915595,0.600821760183868,0.888561669630805,0.847424212445586,0.843016921769149,0.0567077105129162,1,0.974623215996909,0.270498921635081,0.347458044477189,0.688714099091299,0.545923722544941,3.7102007014863e-07,2.35254205379216e-96,0.7489833748057,0.235508813036296,0.0642789543350894,0.311070672874085,0.419776215050456
"C32",0.426230907729948,0.00193811777134484,0.5,0.277816166751039,0.5400184413704,0.933045866677751,0.800614337004026,0.8756528285784,0.5,0.416129040788287,0.0135807777499205,0.342950393837093,NA,0.5,0.401502846277849,0.5,0.769957444946584,0.653438742449045,0.0927191911671718,0,0.5,0.5,0.566893453202426,0.960289543563535,0.647709274002577,0.30378281394453,2.35254205379216e-96,0.279925378558447,0.740793239184198,0.408419745937597,0.444260436716758,0.732134559350941
"CaR-1",0.366905971018419,0.99994088376496,0.919854238752461,0.865103793383268,0.481851944677513,0.661392335369598,0.322387183702708,0.5,0.5,0.581739315743725,0.634938674894722,0.49229963662473,NA,0.861194307915595,0.665295853333703,0.32278467127159,0.322784671271591,0.84575022874371,0.079863964238453,0.528113530514417,0.64690086773546,0.5,0.347458044477189,0.364255377730366,0.0672478925608633,3.7102007014863e-07,2.35254205379216e-96,0.644551335738416,0.549862801865435,0.717546831410488,0.559827808003642,0.32278467127159
"CCK-81",0.547522560009894,0.888494254572269,0.790928582718538,0.277816166751039,0.411392335635795,0.344594927803791,0.282400240551621,0.5,0.5,0.417623223571615,0.730152176294355,0.402681760189823,NA,0.5,0.592343992736843,0.651697653232702,0.5,0.669304815546356,0,0.32381132869637,0.64690086773546,0.741093667382446,0.625963023503965,0.404883005275136,0.655416864952661,3.7102007014863e-07,2.35254205379216e-96,0.661585739230164,0.510117286934825,0.786310440607206,0.542894091145134,0.642944651483841
"CHL-1",0.59963338494174,0.00193811777134484,0.395040749034267,0.936606156080086,0.578809878165508,0.691535418066501,0.463760820237003,0.64690086773546,0.67721532872841,0.824219281338171,0.415935327268172,0.154464303936659,NA,0.67721532872841,0.659046355014818,0.651697653232702,0.411870604106641,0.669304815546356,0.0399319821192265,0.867860944159986,0.753494982760461,0.5,0.721177390180501,0.924101306091005,0.798046776446968,0.999661136192063,1,0.605502011989045,0.198031376700301,0.601119608385173,0.532868101080962,0.5
"CL-11",0.594444211832675,0.999609203523124,0.0849890775328021,0.5,0.486656072954849,0.7995448766586,0.72231457757985,0.753494982760461,0.219813347009543,0.591336192545439,0.415935327268172,0.506181198756805,NA,0.5,0.67721532872841,0.5,0.847424212445586,0.408285100286338,0.192871788237316,0.32381132869637,0.32278467127159,0.5,0.625963023503965,0.909065057725041,0.280417747047056,3.7102007014863e-07,2.35254205379216e-96,0.661585739230164,0.333107875342936,0.290553978322494,0.487241162252146,0.267865440649059
"CL-34",0.521487294708927,0.933785827426758,0.430829721994004,0.277816166751039,0.545768370818727,0.191535505983541,0.422688995873694,0.32278467127159,0.5,0.39980277764593,0.686863357163565,0.636305206844141,NA,0.597177659862195,0.564982683814468,0.5,0.322784671271591,0.575848826616351,0,0.204302201818047,0.32278467127159,0.597177659862195,0.625963023503965,0.463259560144868,0.662899047609307,3.7102007014863e-07,2.35254205379216e-96,0.758190548615477,0.489320526408463,0.739695448904841,0.411392335635795,0.419776215050456
"CL-40",0.625862999212015,0.888494254572269,0.395040749034267,0.277816166751039,0.496348645891239,0.161392422192637,0.511136275757487,0.154945990267178,0.67721532872841,0.445499357521618,0.634938674894722,0.789188333985942,NA,0.388287758016918,0.688415808114798,0.763003511018677,0.16556025104728,0.634978722473292,0.089879594664723,0,0.753494982760461,0.597177659862195,0.347458044477189,0.301910991366093,0.639769060206505,3.7102007014863e-07,2.35254205379216e-96,0.7489833748057,0.753266301648551,0.571355478169855,0.185343391204106,0.683462383900312
"COLO-201",0.413827622841201,0.991181921861708,0.774962075341391,0.5,0.391331936908606,0.131866865464716,0.322387183702708,0.5,0.219813347009543,0.545919593965158,0.821493580315316,0.615106995755637,NA,0.388287758016918,0.487600541092099,0.763003511018677,0.16556025104728,0.766480477982631,0,0.32381132869637,0.154945990267178,0.597177659862195,0.5,0.404883005275136,0.448697725572098,3.7102007014863e-07,2.35254205379216e-96,0.842665432020741,0.126577556537784,0.457112320985582,0.371280443161023,0.209296413500923
"COLO-205",0.403001045750355,0.804772767501446,0.902870580974035,0.793548322114184,0.528573897214767,0.014652059837859,0.322387183702708,0.5,0.219813347009543,0.293829921905947,0.766207244538405,0.613373343014597,NA,0.388287758016918,0.5233642636582,0.943594856413756,0.0635613393754059,0.710827549089643,0.21994647519249,0.204302201818047,0.32278467127159,0.597177659862195,0.5,0.23975737088189,0.475036594087121,3.7102007014863e-07,2.35254205379216e-96,0.7489833748057,0.35481711543774,0.791133240471908,0.69132956351298,0.209296413500923
"COLO-320",0.537860825066974,0.00193811777134484,0.649021879880022,0.67721532872841,0.286843950093559,0.603987831999012,0.0251737484662263,0.32278467127159,0.842182610430975,0.724041610649767,0.134007382676316,0.0533541456067523,NA,0.885314912489387,0.511913266256496,0.32278467127159,0.411870604106641,0.631501755509339,0,0,0.32278467127159,0.67721532872841,0.42615086704039,0.534760065941171,0.00189718749372926,3.7102007014863e-07,2.35254205379216e-96,0.384044593878893,0.058622671711461,0.537850250901109,0.371280443161023,0.209296413500923
"COLO-320-HSR",0.456635171375694,0.00193811777134484,0.532849706546064,0.865103793383268,0.327472995133589,0.578726347229427,0.138449413039748,0.64690086773546,0.842182610430975,0.672116027409317,0.415935327268172,0.0721230103855234,NA,0.904406991364361,0.247218655991189,0.5,0.5,0.464281881032979,0.0927191911671718,0,0.32278467127159,0.388287758016918,0.191121208986918,0.199674039227487,0.00189718749372926,3.7102007014863e-07,2.35254205379216e-96,0.217547466845336,0.058622671711461,0.457112320985582,0.390522992457286,0.267865440649059
"COLO-678",0.254659027678196,0.999750896124632,0.622428031850107,0.793548322114184,0.415350802153087,0.302505487169928,0.260985345551839,0.64690086773546,0.67721532872841,0.499268729907393,0.5,0.148997982777124,NA,0.388287758016918,0.835116199534935,0.32278467127159,0.582160650253424,0.90205945415195,0.131671226236679,0.32381132869637,0.826463000262987,0.5,0.42615086704039,0.892868042466236,0.144194024937337,3.7102007014863e-07,2.35254205379216e-96,0.924213737218512,0.742810490025358,0.586670883387898,0.691916106291822,0.898604584716254
"COLO-679",0.587477202238533,0.00193811777134484,0.757689172498938,0.277816166751039,0.510326396542161,0.721336711813905,0.718334639364521,0.753494982760461,0.219813347009543,0.465747305034506,0.134007382676316,0.368392697466891,NA,0.161104303491401,0.247218655991189,0.161390368907288,0.5,0.634978722473292,0,0,0.32278467127159,0.270498921635081,0.817376094646718,0.814875636488985,0.5,0.999999489980031,2.35254205379216e-96,0.147740703224741,0.614888706252416,0.256418338217242,0.600560696760631,0.5
"COLO-783",0.540379919927119,0.933785827426758,0.465914168205283,0.67721532872841,0.468896857185238,0.94652756195214,0.655242454778621,0.5,0.780186652990457,0.57654259595545,0.730152176294355,0.312498043657077,NA,0.830508888033501,0.0973516627291534,0.32278467127159,0.582160650253424,0.411392335635795,0.0901796026853209,0,0.826463000262987,0.270498921635081,0.67721532872841,0.710365352612747,0.448697725572098,0.99995231446522,2.35254205379216e-96,0.279925378558447,0.600893694011024,0.571355478169855,0.716216372098969,0.87397296953439
"COLO-792",0.620875972674103,0.00193811777134484,0.933366469790274,0.0909766290281606,0.616520309917832,0.738908923538725,0.701314530120112,0.32278467127159,0.842182610430975,0.549839949505612,0.415935327268172,0.100252373412206,NA,0.075979640986368,0.583555337915466,0.32278467127159,0.769957444946584,0.330695184453644,0,0,0.32278467127159,0.161104303491401,0.42615086704039,0.860676310404384,0.577046524333445,0.944319506521627,2.35254205379216e-96,0.583020286354402,0.705136086209132,0.32278467127159,0.110334814720328,0.5
"COLO-800",0.537654749107691,0.00193811777134484,0.395040749034267,0.5,0.592465857582244,0.749999991219381,0.67721532872841,0.154945990267178,0.5,0.527291503955396,0.0595844908484762,0.283732235988948,NA,0.161104303491401,0.20025974031255,0.0564051435862443,0.322784671271591,0.48898225146849,0.0399319821192265,0,0.32278467127159,0.270498921635081,0.625963023503965,0.710365352612747,0.329837104740155,0.999991278901999,2.35254205379216e-96,0.5,0.374627218081379,0.672765928732492,0.631501755509339,0.209296413500923
"COLO-829",0.526042490183257,0.00193811777134484,0.465914168205283,0.67721532872841,0.435071944982679,0.721336719234325,0.787007956813953,0.64690086773546,0.67721532872841,0.356240809819758,0.0595844908484762,0.476679549918513,NA,0.270498921635081,0.698956019778611,0.32278467127159,0.106796012544065,0.244172461159435,0.0399319821192265,0,0.32278467127159,0.5,0.5,0.281054280353414,0.462040151682683,0.944319506521627,2.35254205379216e-96,0.465745870011658,0.785387349187997,0.433541578107102,0.657917585584936,0.780735090965235
"CP50-MEL-B",0.596776450901698,0.00193811777134484,0.5,0.793548322114184,0.522710546535715,0.933073865640205,0.616715627691692,0.64690086773546,0.780186652990457,0.285354478936028,0.572992885632229,0.201503192295699,NA,0.597177659862195,0.269398185203867,0.763003511018677,0.582160650253424,0.575848826616351,0.0632906942384417,0,0.826463000262987,0.956703183927009,0.625963023503965,0.404883005275136,0.721208932112122,0.999999998710071,1,0.42731565471095,0.67721532872841,0.692019302765558,0.834869138753198,0.758365010773717
"CP66-MEL",0.645386018725417,0.00193811777134484,0.902870580974035,0.67721532872841,0.500149700635241,0.60398785688718,0.67721532872841,0.5,0.67721532872841,0.501966090450494,0.730152176294355,0.119021238190977,NA,0.597177659862195,0.330790630987498,0.763003511018677,0.411870604106641,0.818475500832957,0,0,0.826463000262987,0.791284248958305,0.859700975326394,0.219512791837638,0.690712823584994,0.999999999992585,1,0.384044593878893,0.766789678644414,0.479232379028662,0.635676634619993,0.717293021039706
"CP67-MEL",0.451013488422725,0.00193811777134484,0.774962075341391,0.67721532872841,0.818813577297768,0.7995448766586,0.649319458383455,0.826463000262987,0.5,0.465222627353067,0.0135807777499205,0.509087006824457,NA,0.67721532872841,0.799428427412375,0.838609631092712,0.5,0.48898225146849,0.24875787184608,0,0.753494982760461,0.597177659862195,0.890462840357284,0.652802287440191,0.212177987165827,0.99995231446522,1,0.279925378558447,0.79519239675993,0.408419745937597,0.70503133200321,0.90147285460562
"CW-2",0.390924711014444,0.804772767501446,0.739026464125816,0.0909766290281606,0.463852434075161,0.250000086556842,0.450647368693204,0.154945990267178,0.5,0.545983821013044,0.5,0.521314968313156,NA,0.5,0.330790630987498,0.5,0.322784671271591,0.408285100286338,0,0.204302201818047,0.32278467127159,0.161104303491401,0.67721532872841,0.32278467127159,0.487688882020081,3.7102007014863e-07,2.35254205379216e-96,0.869981807376327,0.749583887405891,0.823828732302375,0.185343391204106,0.565736202161925
"DiFi",0.664328531354135,0.999999999946002,0.774962075341391,0.67721532872841,0.327472995133589,0.250000086556842,0.322387183702708,0.5,0.780186652990457,0.350104194901334,0.730152176294355,0.499048548374671,NA,0.791284248958305,0.703995258696524,0.651697653232702,0.5,0.573768490374322,0,0.64762265739274,0.154945990267178,0.270498921635081,0.347458044477189,0.364255377730366,0.70344356672111,3.7102007014863e-07,2.35254205379216e-96,0.717147919761872,0.364940218119609,0.717546831410488,0.369995592738511,0.0882935322443204
"G-361",0.601375587311436,0.00193811777134484,0.622428031850107,0.865103793383268,0.411392335635795,0.631838779936175,0.436967576329868,0.753494982760461,0.5,0.772044251905105,0.415935327268172,0.147093358771876,NA,0.388287758016918,0.534375715175356,0.32278467127159,0.812749035416373,0.408628952139991,0.0399319821192265,0,0.753494982760461,0.270498921635081,0.876281427352125,0.851872653728505,0.297119175676505,0.00250218075611077,2.35254205379216e-96,0.42731565471095,0.5,0.182723039639633,0.83464838029802,0.732134559350941
"G-MEL",0.664850727907528,0.00193811777134484,0.252398121838008,0.00991701975663521,0.524904430787976,0.968008026563358,0.5,0.0455305550137385,0.219813347009543,0.324766563421167,0.134007382676316,0.155761221370929,NA,0.00321233014806859,0.150042097872469,0.5,0.16556025104728,0.481419335634125,0,0,0.0455305550137385,0.885314912489387,0.566893453202426,0.481867506197759,0.829561438231375,0.999999999403539,1,0.384044593878893,0.727837690674965,0.700945921319201,0.0444903679852236,0.373462085053165
"GAK",0.459684040123416,0.00193811777134484,0.32278467127159,0.67721532872841,0.27530693616319,0.978174939896951,0.655242454778621,0.64690086773546,0.5,0.257824636682334,0.32278467127159,0.176935680685065,NA,0.5,0.811261823391879,0.5,0.16556025104728,0.112475854141347,0,0,0.5,0.67721532872841,0.5,0.481867506197759,0.263531041104617,3.7102007014863e-07,1,0.335181352192119,0.723162160009381,0.256418338217242,0.511953032396426,0.745784543998266
"Geo",0.581334737076709,0.421375116517006,0.252398121838008,0.67721532872841,0.661465263193013,0.131866865464716,0.375907277115012,0.154945990267178,0.780186652990457,0.271421838819808,0.796294463866677,0.607212008704079,NA,0.270498921635081,0.461241260062497,0.651697653232702,0.16556025104728,0.465673906926936,0,0,0.32278467127159,0.67721532872841,0.123718572647875,0.199674039227487,0.690712823584994,3.7102007014863e-07,2.35254205379216e-96,0.644551335738416,0.472123459451976,0.717546831410488,0.487241162252146,0.267865440649059
"GP2d",0.492757426741489,0.995197993802229,0.622428031850107,0.5,0.439857464146417,0.344594927803791,0.21512052584703,0.64690086773546,0.5,0.677374950534875,0.860634770407751,0.117659278592726,NA,0.741093667382446,0.5,0.5,0.655179831665389,0.867992941038195,0,0,0.64690086773546,0.597177659862195,0.5,0.444202965936873,0.715456787715191,3.7102007014863e-07,2.35254205379216e-96,0.802623701868948,0.333107875342936,0.717546831410488,0.411392335635795,0.534509292531828
"GP5d",0.593144029441604,0.998591562211034,0.5,0.67721532872841,0.452084779624884,0.324344757784649,0.190615513608597,0.753494982760461,0.67721532872841,0.572964718122314,0.918298081100709,0.151686826533553,NA,0.885314912489387,0.645923579816629,0.838609631092712,0.5,0.631501755509339,0,0.204302201818047,0.64690086773546,0.741093667382446,0.267495150411608,0.260304551095159,0.79443322009379,0.00250218075611077,2.35254205379216e-96,0.824712034759595,0.29614485331624,0.700945921319201,0.411392335635795,0.565736202161925
"HCC2998",0.569463307013324,0.995197993802229,0.739026464125816,0.865103793383268,0.646758637499421,0.250000086556842,0.436967576329868,0.826463000262987,0.5,0.576690412002207,0.634938674894722,0.49534892837532,NA,0.597177659862195,0.811261823391879,0.921543012540837,0.655179831665389,0.953844812191097,0.113415421025832,0,0.753494982760461,0.67721532872841,0.42615086704039,0.481867506197759,0.586825132094319,3.7102007014863e-07,2.35254205379216e-96,0.739121190902917,0.401384015966396,0.256418338217242,0.582068758968585,0.32278467127159
"HCT-116",0.43541107563182,0.991181921861708,0.843409071425727,0.793548322114184,0.411392335635795,0.221336807151365,0.110887560682924,0.826463000262987,0.5,0.59898718960201,0.730152176294355,0.653760699003518,NA,0.597177659862195,0.799428427412375,0.651697653232702,0.238800249092471,0.573665710523903,0.136571674751369,0.474375022248671,0.64690086773546,0.270498921635081,0.347458044477189,0.260304551095159,0.0813742451883707,3.7102007014863e-07,2.35254205379216e-96,0.5,0.688813176514352,0.651418235258924,0.559827808003642,0.683462383900312
"HCT-15",0.750447558648676,0.958905668773633,0.67394514083179,0.277816166751039,0.729032511034005,0.344594927803791,0.190615513608597,0.5,0.5,0.62548965862692,0.686863357163565,0.542483363463553,NA,0.5,0.311166945945779,0.888561669630805,0.717746304570559,0.790987629782004,0.153170288903165,0.204302201818047,0.5,0.67721532872841,0.566893453202426,0.301910991366093,0.487688882020081,3.7102007014863e-07,2.35254205379216e-96,0.789578882520493,0.478023320154374,0.662372379646375,0.189594907428917,0.5
"HMV-II",0.576406312038933,0.0362422474611415,0.594168284309893,0.5,0.444478172232687,0.892504827024214,0.623665896034186,0.64690086773546,0.5,0.556440306187531,0.225756938270399,0.135695439157888,NA,0.388287758016918,0.123918713227993,0.763003511018677,0.717746304570559,0.48898225146849,0.0632906942384417,0,0.826463000262987,0.962285716699142,0.902636233978307,0.180345970612826,0.842651178873637,0.999991278901999,1,0.465745870011658,0.625241150136995,0.717546831410488,0.311070672874085,0.824113561255479
"Hs-939-T",0.513636009111666,0.0362422474611415,0.739026464125816,0.277816166751039,0.585515525717365,0.940245292003205,0.72231457757985,0.32278467127159,0.5,0.542615347085556,0.134007382676316,0.467080119918804,NA,0.270498921635081,0.175528264041175,0.5,0.411870604106641,0.542894091145134,0.268442631528292,0,0.32278467127159,0.67721532872841,0.67721532872841,0.699759323762395,0.690712823584994,0.999991278901999,2.35254205379216e-96,0.384044593878893,0.732327108864759,0.32278467127159,0.540574841022654,0.594014358433888
"Hs-940-T",0.467802084863377,0.65405183562072,0.32278467127159,0.5,0.431600637714287,0.69153541064608,0.238569728716036,0.154945990267178,0.67721532872841,0.374697682793105,0.5,0.159626562359345,NA,0.388287758016918,0.123918713227993,0.32278467127159,0.655179831665389,0.32278467127159,0.556009885405614,0,0.5,0.388287758016918,0.267495150411608,0.424730833124305,0.0063459406617,3.7102007014863e-07,2.35254205379216e-96,0.465745870011658,0.726686734771474,0.353129464796337,0.23809067931835,0.373462085053165
"Hs-944-T",0.317086419357922,0.175507287124117,0.564281942657294,0.5,0.484249934464604,0.80178139053684,0.623665896034186,0.32278467127159,0.67721532872841,0.558470000370542,0.225756938270399,0.575073943277014,NA,0.388287758016918,0.461241260062497,0.0564051435862443,0.930277606331306,0.408628952139991,0.184520660396114,0,0.32278467127159,0.388287758016918,0.758627254533146,0.80222041853731,0.376838713378033,0.99995231446522,2.35254205379216e-96,0.335181352192119,0.514980526759031,0.256418338217242,0.185343391204106,0.373462085053165
"HT-115",0.496907748267824,0.933785827426758,0.395040749034267,0.67721532872841,0.359226276665396,0.221336807151365,0.322387183702708,0.753494982760461,0.5,0.545431243533039,0.572992885632229,0.60552910409492,NA,0.597177659862195,0.739518823414605,0.943594856413756,0.897770753481093,0.74689473137905,0.0567077105129162,0.204302201818047,0.826463000262987,0.270498921635081,0.42615086704039,0.463259560144868,0.690712823584994,3.7102007014863e-07,2.35254205379216e-96,0.774874690468716,0.5,0.0642789543350894,0.575848826616351,0.32278467127159
"HT-144",0.455899264605967,0.00193811777134484,0.465914168205283,0.67721532872841,0.645787065843862,0.824344646307623,0.753957384932224,0.154945990267178,0.5,0.485805986516877,0.634938674894722,0.334245419969749,NA,0.270498921635081,0.20025974031255,0.651697653232702,0.915782565675241,0.408628952139991,0.130111584804547,0,0.5,0.830508888033501,0.5,0.517636068113157,0.67721532872841,0.999998051233543,2.35254205379216e-96,0.465745870011658,0.630163926673839,0.519509501206225,0.411392335635795,0.642944651483841
"HT-29",0.463522405029964,0.973412873329853,0.649021879880022,0.67721532872841,0.611065441161095,0.191535505983541,0.40777726534832,0.753494982760461,0.842182610430975,0.721853447978082,0.766207244538405,0.584728763699406,NA,0.67721532872841,0.76154410081266,0.888561669630805,0.0344907227888122,0.634978722473292,0,0.732415732332464,0.64690086773546,0.597177659862195,0.347458044477189,0.665249131445183,0.726798865855193,3.7102007014863e-07,2.35254205379216e-96,0.739121190902917,0.344220528477592,0.555106154955724,0.411392335635795,0.32278467127159
"HT55",0.476748103197154,0.888494254572269,0.465914168205283,0.5,0.392672531407419,0.0388635908198202,0.488409218306755,0.5,0.780186652990457,0.575641962901792,0.730152176294355,0.366952112266562,NA,0.861194307915595,0.600821760183868,0.943594856413756,0.812749035416373,0.575848826616351,0.249579498750232,0,0.753494982760461,0.741093667382446,0.42615086704039,0.5,0.826749891167642,3.7102007014863e-07,2.35254205379216e-96,0.774874690468716,0.282393109608727,0.692019302765558,0.290583291978872,0.32278467127159
"IGR-1",0.478802176432724,0.00193811777134484,0.130873317088861,0.277816166751039,0.619614295474889,0.749995086392288,0.436967576329868,0.32278467127159,0.5,0.572211254984279,0.225756938270399,0.323488290337831,NA,0.597177659862195,0.487600541092099,0.32278467127159,0.5,0.464281881032979,0,0,0.5,0.741093667382446,0.5,0.781166942568155,0.662899047609307,0.30378281394453,2.35254205379216e-96,0.384044593878893,0.425210849301474,0.143638842761209,0.330695184453644,0.5
"IGR-37",0.67999767446811,0.0362422474611415,0.532849706546064,0.277816166751039,0.661465263193013,0.776937874584047,0.643209076260498,0.64690086773546,0.5,0.794567801401771,0.225756938270399,0.100252373412206,NA,0.388287758016918,0.487600541092099,0.651697653232702,0.847424212445586,0.411392335635795,0,0,0.154945990267178,0.5,0.890462840357284,0.847202766789866,0.160931668182945,0.00250218075611077,2.35254205379216e-96,0.335181352192119,0.0959287530169864,0.0273640387659986,0.61606727967547,0.148491294394474
"IPC-298",0.653770164984101,0.00193811777134484,0.32278467127159,0.5,0.653240934897803,0.801753469014644,0.67721532872841,0.32278467127159,0.67721532872841,0.594648354949759,0.5,0.0775547218580728,NA,0.388287758016918,0.349606506315721,0.161390368907288,0.5,0.411392335635795,0.116512494772172,0,0.154945990267178,0.388287758016918,0.758627254533146,0.688714099091299,0.39188339794302,0.999661136192063,2.35254205379216e-96,0.279925378558447,0.153114138056927,0.0642789543350894,0.540574841022654,0.148491294394474
"IST-MEL1",0.569463307013324,0.933785827426758,0.32278467127159,0.67721532872841,0.620174254875693,0.844594841214933,0.701314530120112,0.753494982760461,0.5,0.717029797486242,0.32278467127159,0.216369950667325,NA,0.791284248958305,0.311166945945779,0.5,0.582160650253424,0.32278467127159,0.0927191911671718,0,0.5,0.67721532872841,0.790417922092561,0.665249131445183,0.55660308198816,0.999661136192063,1,0.384044593878893,0.309131288264476,0.627660449128547,0.540574841022654,0.32278467127159
"K2",0.524018739996025,0.00193811777134484,0.564281942657294,0.793548322114184,0.539235669883075,0.94021835173612,0.476338510563039,0.5,0.67721532872841,0.270786913708687,0.634938674894722,0.202539267383532,NA,0.388287758016918,0.592343992736843,0.32278467127159,0.106796012544065,0.653438742449045,0.0399319821192265,0,0.5,0.5,0.267495150411608,0.765603657184482,0.913885859425799,3.7102007014863e-07,1,0.279925378558447,0.524343721278119,0.433541578107102,0.255686607969867,0.534509292531828
"KM12",0.122499767453104,0.65405183562072,0.287137706765157,0.5,0.292387612241257,0.0787264337862683,0.511136275757487,0.5,0.67721532872841,0.512823264262758,0.686863357163565,0.614456394650155,NA,0.741093667382446,0.5,0.5,0.5,0.868190192286903,0.079863964238453,0.204302201818047,0.5,0.388287758016918,0.42615086704039,0.384706420257748,0.361473624411775,3.7102007014863e-07,2.35254205379216e-96,0.465745870011658,0.176706830114377,0.5,0.444260436716758,0.461865202529035
"LB2518-MEL",0.537228146342452,0.00193811777134484,0.219008029166723,0.936606156080086,0.332694934514722,0.749999999998952,0.77429297277261,0.753494982760461,0.842182610430975,0.365739817648577,0.821493580315316,0.194688582640912,NA,0.741093667382446,0.401502846277849,0.838609631092712,0.411870604106641,0.281780669687703,0.0399319821192265,0,0.753494982760461,0.956703183927009,0.566893453202426,0.384706420257748,0.774871605628702,0.99999994986244,1,0.335181352192119,0.656664082060876,0.672765928732492,0.83464838029802,0.642944651483841
"LB373-MEL-D",0.488853428418889,0.00193811777134484,0.594168284309893,0.909023370971839,0.495441138627647,0.892504835804192,0.569648902509418,0.826463000262987,0.780186652990457,0.436724202609912,0.796294463866677,0.269561649082626,NA,0.597177659862195,0.417388491045169,0.763003511018677,0.411870604106641,0.766480477982631,0.0927191911671718,0,0.93202815112456,0.861194307915595,0.859700975326394,0.384706420257748,0.67721532872841,0.00250218075611077,1,0.5,0.743805041538123,0.601119608385173,0.866213036992697,0.808580267726119
"LIM1215",0.723264999578088,0.997791886176396,0.358894663418974,0.5,0.392672531407419,0.344594927803791,0.322387183702708,0.154945990267178,0.842182610430975,0.653056607032131,0.796294463866677,0.228865653345596,NA,0.597177659862195,0.461241260062497,0.838609631092712,0.655179831665389,0.546371058109087,0.146587305177639,0.32381132869637,0.753494982760461,0.67721532872841,0.267495150411608,0.199674039227487,0.829561438231375,3.7102007014863e-07,2.35254205379216e-96,0.824712034759595,0.597939860411602,0.795772083014505,0.185343391204106,0.534509292531828
"LoVo",0.293577190506741,0.987628110680502,0.32278467127159,0.277816166751039,0.512699168832347,0.221336807151365,0.392196091291116,0.5,0.67721532872841,0.625902097142213,0.686863357163565,0.521916003430385,NA,0.741093667382446,0.698956019778611,0.5,0.655179831665389,0.766480477982631,0.11979594635768,0.204302201818047,0.64690086773546,0.270498921635081,0.347458044477189,0.582972388888223,0.60553361709494,3.7102007014863e-07,2.35254205379216e-96,0.644551335738416,0.439732614398952,0.519509501206225,0.459888107525228,0.717293021039706
"LOXIMVI",0.274771959499656,0.993561085587027,0.718894497777654,0.5,0.404540201130001,0.749999991219381,0.392196091291116,0.32278467127159,0.219813347009543,0.653091837980513,0.415935327268172,0.273459001106962,NA,0.597177659862195,0.474689747737972,0.32278467127159,0.582160650253424,0.5,0.516671361893655,0,0.32278467127159,0.270498921635081,0.191121208986918,0.384706420257748,0.00189718749372926,3.7102007014863e-07,2.35254205379216e-96,0.0717553848501372,0.696498502027425,0.408419745937597,0.471220143639437,0.534509292531828
"LS-123",0.517996510270816,0.996351689464417,0.0849890775328021,0.5,0.637247554374583,0.623362325885857,0.260985345551839,0.154945990267178,0.5,0.475161201961158,0.134007382676316,0.45918927852251,NA,0.161104303491401,0.67721532872841,0.0564051435862443,0.582160650253424,0.48898225146849,0.106955331079011,0,0.5,0.270498921635081,0.347458044477189,0.444202965936873,0.111752479561802,3.7102007014863e-07,2.35254205379216e-96,0.530650954603589,0.321430299998877,0.717546831410488,0.32278467127159,0.148491294394474
"LS-180",0.529827405334807,0.993561085587027,0.5,0.5,0.463028979718092,0.221336807151365,0.586444160134158,0.5,0.219813347009543,0.558692087496261,0.875891296786623,0.766152381449251,NA,0.67721532872841,0.67721532872841,0.921543012540837,0.582160650253424,0.673712106222793,0.089879594664723,0.64762265739274,0.5,0.791284248958305,0.347458044477189,0.161633331129037,0.690712823584994,3.7102007014863e-07,2.35254205379216e-96,0.739121190902917,0.662582966646551,0.804535791486646,0.411392335635795,0.619655616007284
"LS-411N",0.24594153052742,0.888494254572269,0.430829721994004,0.67721532872841,0.485004632234033,0.161392422192637,0.40777726534832,0.5,0.5,0.461861457104648,0.415935327268172,0.378380069377094,NA,0.597177659862195,0.659046355014818,0.651697653232702,0.5,0.74689473137905,0.0399319821192265,0.70676949672657,0.5,0.270498921635081,0.67721532872841,0.260304551095159,0.523615422325098,3.7102007014863e-07,2.35254205379216e-96,0.583020286354402,0.21752867407193,0.182723039639633,0.487241162252146,0.5
"LS-513",0.49656841277028,0.987628110680502,0.32278467127159,0.277816166751039,0.242580083827204,0.191535505983541,0.726192562287569,0.32278467127159,0.5,0.467335673456261,0.5,0.516639126389156,NA,0.388287758016918,0.747246510603651,0.763003511018677,0.16556025104728,0.33278012552364,0.253118359344297,0.32381132869637,0.32278467127159,0.5,0.42615086704039,0.424730833124305,0.487688882020081,3.7102007014863e-07,2.35254205379216e-96,0.739121190902917,0.738737497754228,0.700945921319201,0.459888107525228,0.790703586499077
"LS1034",0.502148454010988,0.175507287124117,0.395040749034267,0.0909766290281606,0.484842769503525,0.191535505983541,0.450647368693204,0.32278467127159,0.67721532872841,0.651948180760159,0.5,0.692072461015199,NA,0.270498921635081,0.447227523612438,0.838609631092712,0.411870604106641,0.637125063300053,0.113415421025832,0,0.154945990267178,0.741093667382446,0.267495150411608,0.424730833124305,0.566974963061668,3.7102007014863e-07,2.35254205379216e-96,0.605502011989045,0.514980526759031,0.725273484181943,0.371280443161023,0.148491294394474
"M14",0.668217332802174,0.0362422474611415,0.5,0.909023370971839,0.75549542783387,0.904767026895786,0.551592414630423,0.5,0.67721532872841,0.530243063755927,0.5,0.0775547218580728,NA,0.5,0.0196147045643842,0.32278467127159,0.5,0.242087520089439,0.0399319821192265,0,0.32278467127159,0.5,0.840252070304551,0.720546837191931,0.39188339794302,0.999999489980031,1,0.279925378558447,0.252201401235081,0.709446021677506,0.79706607871618,0.32278467127159
"Malme-3M",0.426230907729948,0.00193811777134484,0.430829721994004,0.277816166751039,0.32066017431603,0.862603679290809,0.630391577512322,0.64690086773546,0.5,0.302264949294519,0.415935327268172,0.250996981507946,NA,0.388287758016918,0.461241260062497,0.943594856413756,0.717746304570559,0.169763186255683,0.140427223251415,0,0.5,0.931898516765823,0.42615086704039,0.925971542605026,0.752496808024557,0.999661136192063,2.35254205379216e-96,0.42731565471095,0.620152540723282,0.457112320985582,0.49346109460438,0.642944651483841
"MDST8",0.426764383056433,0.998856437100857,0.395040749034267,0.5,0.518148055322487,0.749999731802014,0.586444160134158,0.64690086773546,0.219813347009543,0.44019695366459,0.415935327268172,0.250174938471494,NA,0.597177659862195,0.616902223158631,0.5,0.238800249092471,0.487241162252146,0.182810600302541,0,0.5,0.741093667382446,0.347458044477189,0.551361165155797,0.00189718749372926,3.7102007014863e-07,2.35254205379216e-96,0.465745870011658,0.746734058099625,0.682636647175873,0.559827808003642,0.790703586499077
"MEL-HO",0.342123390325642,0.00193811777134484,0.219008029166723,0.277816166751039,0.488272850611888,0.908497552788781,0.542049587056432,0.32278467127159,0.5,0.605660936745046,0.225756938270399,0.319650682167979,NA,0.161104303491401,0.639031094372661,0.5,0.655179831665389,0.656112181060356,0,0,0.5,0.270498921635081,0.67721532872841,0.925971542605026,0.55660308198816,0.30378281394453,2.35254205379216e-96,0.147740703224741,0.591864461057788,0.256418338217242,0.390522992457286,0.594014358433888
"MEL-JUSO",0.620713384586045,0.00193811777134484,0.970639650824882,0.277816166751039,0.716777794131522,0.721308721622824,0.710053139626076,0.154945990267178,0.5,0.551469334581736,0.5,0.271384932983187,NA,0.161104303491401,0.175528264041175,0.32278467127159,0.941979833637586,0.633189763842673,0.0632906942384417,0,0.154945990267178,0.388287758016918,0.566893453202426,0.665249131445183,0.329837104740155,0.00250218075611077,2.35254205379216e-96,0.335181352192119,0.578991255809889,0.571355478169855,0.32278467127159,0.32278467127159
"Mewo",0.468738686745464,0.00193811777134484,0.902870580974035,0.277816166751039,0.559929657007852,0.961136227539035,0.532139340721933,0.32278467127159,0.5,0.773197699619841,0.225756938270399,0.109793579333788,NA,0.388287758016918,0.269398185203867,0.5,0.769957444946584,0.48898225146849,0,0,0.32278467127159,0.5,0.902636233978307,0.180345970612826,0.435008834116135,3.7102007014863e-07,2.35254205379216e-96,0.42731565471095,0.0959287530169864,0.32278467127159,0.371280443161023,0.209296413500923
"MMAc-SF",0.632804478557792,0.0362422474611415,0.430829721994004,0.5,0.483648779287273,0.66139233550941,0.569648902509418,0.5,0.67721532872841,0.486793881716588,0.572992885632229,0.154464303936659,NA,0.5,0.330790630987498,0.651697653232702,0.0344907227888122,0.411392335635795,0,0,0.991553797080475,0.5,0.67721532872841,0.364255377730366,0.67721532872841,3.7102007014863e-07,1,0.384044593878893,0.537553272345248,0.555106154955724,0.547598585858162,0.964289494637571
"MZ2-MEL",0.546921651822782,0.00193811777134484,0.252398121838008,0.865103793383268,0.604338569796044,0.691535419364227,0.820020194551387,0.32278467127159,0.67721532872841,0.417137018310477,0.572992885632229,0.303774065086411,NA,0.388287758016918,0.0196147045643842,0.5,0.582160650253424,0.281780669687703,0.209752179152272,0,0.753494982760461,0.830508888033501,0.67721532872841,0.219512791837638,0.647709274002577,0.999999489980031,1,0.335181352192119,0.417558584557636,0.601119608385173,0.70503133200321,0.683462383900312
"MZ7-mel",0.625214826229011,0.00193811777134484,0.252398121838008,0.793548322114184,0.405070937537298,0.915495531103095,0.5,0.5,0.780186652990457,0.479613120452144,0.572992885632229,0.0721230103855234,NA,0.67721532872841,0.624531754917047,0.763003511018677,0.5,0.112475854141347,0,0,0.5,0.388287758016918,0.67721532872841,0.534760065941171,0.435008834116135,0.00250218075611077,1,0.147740703224741,0.472123459451976,0.5,0.694557558183002,0.594014358433888
"NCI-H508",0.370799908311592,0.933785827426758,0.67394514083179,0.5,0.152279618172237,0.0388635908198202,0.5,0.32278467127159,0.67721532872841,0.301663355833885,0.5,0.589485952334249,NA,0.5,0.574440349295838,0.5,0.00703784396408133,0.631501755509339,0,0.204302201818047,0.32278467127159,0.5,0.191121208986918,0.463259560144868,0.545923722544941,3.7102007014863e-07,2.35254205379216e-96,0.819626910837778,0.235508813036296,0.571355478169855,0.487241162252146,0.209296413500923
"NCI-H716",0.518632299198233,0.993561085587027,0.358894663418974,0.5,0.383599765353264,0.990421909004822,0.551592414630423,0.64690086773546,0.67721532872841,0.714207045465297,0.415935327268172,0.0533541456067523,NA,0.67721532872841,0.609003238213956,0.888561669630805,0.5,0.709091671342033,0.090146371361029,1,0.64690086773546,0.861194307915595,0.566893453202426,0.730318587309797,0.0307236838872638,3.7102007014863e-07,2.35254205379216e-96,0.0717553848501372,0.153114138056927,0.143638842761209,0.242087520089439,0.32278467127159
"NCI-H747",0.379886397439136,0.999987133555482,0.697221047438291,0.865103793383268,0.449869489380655,0.556858346272264,0.190615513608597,0.32278467127159,0.5,0.443882076529347,0.5,0.619651671143373,NA,0.270498921635081,0.788973954464769,0.763003511018677,0.411870604106641,0.709091671342033,0.0567077105129162,0,0.5,0.597177659862195,0.347458044477189,0.639862459165394,0.177893628049473,3.7102007014863e-07,2.35254205379216e-96,0.704869522230088,0.417558584557636,0.672765928732492,0.689193238859078,0.461865202529035
"OUMS-23",0.365362883040764,0.973412873329853,0.187385794019226,0.277816166751039,0.354211420488437,0.0388635908198202,0.40777726534832,0.5,0.780186652990457,0.642907179035285,0.0135807777499205,0.0963235866368439,NA,0.5,0.20025974031255,0.763003511018677,0.411870604106641,0.408285100286338,0.113415421025832,0.64762265739274,0.909023370971839,0.5,0.625963023503965,0.384706420257748,0.329837104740155,3.7102007014863e-07,2.35254205379216e-96,0.583020286354402,0.198031376700301,0.682636647175873,0.444260436716758,0.32278467127159
"RCM-1",0.410435809990109,0.888494254572269,0.219008029166723,0.67721532872841,0.336287461386319,0.131866865464716,0.238569728716036,0.32278467127159,0.67721532872841,0.299352883388853,0.32278467127159,0.599720652653959,NA,0.388287758016918,0.631904160296059,0.5,0.16556025104728,0.32278467127159,0.089879594664723,0,0.154945990267178,0.5,0.123718572647875,0.551361165155797,0.511973915084408,3.7102007014863e-07,2.35254205379216e-96,0.691597907700726,0.374627218081379,0.103781919653692,0.575848826616351,0.148491294394474
"RKO",0.511158065009285,0.65405183562072,0.532849706546064,0.793548322114184,0.510326396542161,0.747763408672256,0.282400240551621,0.909023370971839,0.219813347009543,0.346742044532222,0.572992885632229,0.0775547218580728,NA,0.741093667382446,0.698956019778611,0.5,0.238800249092471,0.577589915832694,0,0.204302201818047,0.826463000262987,0.67721532872841,0.5,0.534760065941171,0.0063459406617,3.7102007014863e-07,2.35254205379216e-96,0.530650954603589,0.575610707859924,0.290553978322494,0.532868101080962,0.808580267726119
"RPMI-7951",0.367415482163263,0.982152280215387,0.32278467127159,0.793548322114184,0.544853234290096,0.603987831999012,0.542049587056432,0.32278467127159,0.5,0.464363056470781,0.0135807777499205,0.189491133638195,NA,0.597177659862195,0.269398185203867,0.161390368907288,0.717746304570559,0.32278467127159,0.267974635223765,0,0.5,0.597177659862195,0.5,0.444202965936873,0.00189718749372926,3.7102007014863e-07,2.35254205379216e-96,0.384044593878893,0.235508813036296,0.103781919653692,0.582068758968585,0.148491294394474
"RVH-421",0.633651960216885,0.00193811777134484,0.358894663418974,0.67721532872841,0.47992255601732,0.878515259508764,0.765971360080329,0.5,0.842182610430975,0.345089596433953,0.415935327268172,0.183770402604761,NA,0.67721532872841,0.783377036392016,0.651697653232702,0.238800249092471,0.242087520089439,0.079863964238453,0,0.64690086773546,0.597177659862195,0.5,0.534760065941171,0.545923722544941,0.999661136192063,1,0.335181352192119,0.709236012645082,0.479232379028662,0.58332453781309,0.701121393521262
"SH-4",0.47503222841875,0.00193811777134484,0.819280965325232,0.5,0.687458759582117,0.691535418066501,0.849861100014811,0.64690086773546,0.5,0.483526235817548,0.5,0.200761800221037,NA,0.741093667382446,0.555165052718978,0.161390368907288,0.411870604106641,0.411392335635795,0.085005167799741,0,0.32278467127159,0.5,0.625963023503965,0.842343087076224,0.345801016322616,0.00250218075611077,2.35254205379216e-96,0.279925378558447,0.754166735416911,0.220424043970092,0.582068758968585,0.419776215050456
"SK-CO-1",0.4081320838582,0.973412873329853,0.896268651570938,0.0909766290281606,0.253292703921152,0.433073952206292,0.422688995873694,0.5,0.5,0.577486840044419,0.415935327268172,0.425900571219882,NA,0.5,0.665295853333703,0.32278467127159,0.411870604106641,0.673712106222793,0,0,0.154945990267178,0.5,0.267495150411608,0.781166942568155,0.523615422325098,3.7102007014863e-07,2.35254205379216e-96,0.808606062205269,0.533255442499267,0.639862459165394,0.124841950575804,0.534509292531828
"SK-MEL-1",0.556285867306081,0.00193811777134484,0.774962075341391,0.67721532872841,0.450628005518871,0.538863479342794,0.737251040252718,0.64690086773546,0.5,0.733011010763117,0.634938674894722,0.299657494937135,NA,0.388287758016918,0.349606506315721,0.763003511018677,0.411870604106641,0.829259557288694,0.263290694238442,0,0.64690086773546,0.597177659862195,0.67721532872841,0.892868042466236,0.144194024937337,0.00250218075611077,2.35254205379216e-96,0.0717553848501372,0.744790396529484,0.220424043970092,0.459877689840502,0.594014358433888
"SK-MEL-2",0.319247952046376,0.00193811777134484,0.622428031850107,0.936606156080086,0.483648779287273,0.824344671101422,0.392196091291116,0.753494982760461,0.780186652990457,0.657116290528932,0.634938674894722,0.285583167602975,NA,0.5,0.2907097530935,0.32278467127159,0.655179831665389,0.258370850619888,0.0796405943477248,0,0.753494982760461,0.67721532872841,0.566893453202426,0.652802287440191,0.783008240511091,0.99995231446522,1,0.217547466845336,0.198031376700301,0.353129464796337,0.527459615311266,0.267865440649059
"SK-MEL-24",0.432004406531443,0.0362422474611415,0.32278467127159,0.277816166751039,0.715193293013927,0.72133664314502,0.740756631993654,0.32278467127159,0.780186652990457,0.410757767136926,0.0135807777499205,0.40013453325408,NA,0.270498921635081,0.269398185203867,0.32278467127159,0.0344907227888122,0.411392335635795,0.346648157621407,0,0.32278467127159,0.5,0.42615086704039,0.781166942568155,0.5,0.999999848313273,2.35254205379216e-96,0.530650954603589,0.673703963005482,0.457112320985582,0.290583291978872,0.461865202529035
"SK-MEL-28",0.596694644590019,0.00193811777134484,0.287137706765157,0.5,0.427555189797574,0.578698348257727,0.666558076909732,0.154945990267178,0.5,0.582319400319063,0.32278467127159,0.333473516945254,NA,0.270498921635081,0.384931648977929,0.161390368907288,0.411870604106641,0.089066035073532,0.0450731856805145,0,0.154945990267178,0.388287758016918,0.890462840357284,0.219512791837638,0.313601813873963,0.996563616777992,2.35254205379216e-96,0.279925378558447,0.153114138056927,0.353129464796337,0.691916106291822,0.32278467127159
"SK-MEL-3",0.468738686745464,0.175507287124117,0.790928582718538,0.277816166751039,0.375451614457764,0.904762138208258,0.463760820237003,0.64690086773546,0.67721532872841,0.50761521848166,0.225756938270399,0.177916013604555,NA,0.270498921635081,0.417388491045169,0.32278467127159,0.582160650253424,0.5,0,0,0.32278467127159,0.5,0.840252070304551,0.730318587309797,0.263531041104617,0.30378281394453,2.35254205379216e-96,0.279925378558447,0.417558584557636,0.5,0.576956658842637,0.373462085053165
"SK-MEL-30",0.43541107563182,0.00193811777134484,0.739026464125816,0.5,0.712576962818961,0.892504810884649,0.594406759779435,0.154945990267178,0.5,0.681294985953339,0.415935327268172,0.119650682167979,NA,0.270498921635081,0.474689747737972,0.161390368907288,0.582160650253424,0.656112181060356,0,0,0.32278467127159,0.388287758016918,0.876281427352125,0.551361165155797,0.361473624411775,0.996563616777992,2.35254205379216e-96,0.384044593878893,0.282393109608727,0.256418338217242,0.330695184453644,0.209296413500923
"SK-MEL-31",0.413686524701412,0.0362422474611415,0.430829721994004,0.277816166751039,0.5227132518547,0.603987831999012,0.718334639364521,0.64690086773546,0.67721532872841,0.60664760904291,0.0135807777499205,0.466597790793841,NA,0.270498921635081,0.20025974031255,0.32278467127159,0.322784671271591,0.32278467127159,0.304711359307435,0,0.32278467127159,0.597177659862195,0.67721532872841,0.924101306091005,0.5,0.99995231446522,2.35254205379216e-96,0.465745870011658,0.770662090325162,0.381647160349525,0.185343391204106,0.534509292531828
"SK-MEL-5",0.426230907729948,0.00193811777134484,0.819280965325232,0.277816166751039,0.294342610829861,0.721308721622824,0.710053139626076,0.32278467127159,0.5,0.517718298195521,0.32278467127159,0.151889539643695,NA,0.270498921635081,0.583555337915466,0.32278467127159,0.582160650253424,0.476061504503105,0.0632906942384417,0,0.32278467127159,0.270498921635081,0.625963023503965,0.688714099091299,0.448697725572098,0.00250218075611077,2.35254205379216e-96,0.217547466845336,0.528853694974019,0.256418338217242,0.49346109460438,0.594014358433888
"SNU-1040",0.451013488422725,0.65405183562072,0.790928582718538,0.5,0.484842769503525,0.191535505983541,0.238569728716036,0.32278467127159,0.5,0.575493803560326,0.415935327268172,0.497713464281829,NA,0.67721532872841,0.858208140079726,0.651697653232702,0.582160650253424,0.411392335635795,0.0567077105129162,0,0.64690086773546,0.388287758016918,0.758627254533146,0.534760065941171,0.462040151682683,3.7102007014863e-07,2.35254205379216e-96,0.67721532872841,0.466044439639946,0.433541578107102,0.32278467127159,0.32278467127159
"SNU-175",0.519502948019714,0.995197993802229,0.594168284309893,0.5,0.432479950196384,0.424874640763568,0.422688995873694,0.8756528285784,0.926457782735288,0.754849745099212,0.875891296786623,0.117691091737334,NA,0.791284248958305,0.123918713227993,0.838609631092712,0.769957444946584,0.766480477982631,0.0567077105129162,0.204302201818047,0.753494982760461,0.270498921635081,0.347458044477189,0.5,0.280417747047056,3.7102007014863e-07,2.35254205379216e-96,0.558186584592497,0.252201401235081,0.672765928732492,0.444260436716758,0.619655616007284
"SNU-283",0.553028936251984,0.958905668773633,0.287137706765157,0.5,0.377110701837809,0.191535505983541,0.21512052584703,0.5,0.881609242373306,0.531551904612451,0.766207244538405,0.290203327549683,NA,0.741093667382446,0.2907097530935,0.969041095606359,0.5,0.5,0,0.474375022248671,0.753494982760461,0.741093667382446,0.347458044477189,0.199674039227487,0.82386904830411,3.7102007014863e-07,2.35254205379216e-96,0.67721532872841,0.344220528477592,0.0273640387659986,0.411392335635795,0.373462085053165
"SNU-407",0.334115417689392,0.0362422474611415,0.358894663418974,0.5,0.238865330769384,0.221336807151365,0.322387183702708,0.32278467127159,0.219813347009543,0.517826025653916,0.860634770407751,0.167252677509665,NA,0.741093667382446,0.474689747737972,0.5,0.655179831665389,0.631501755509339,0.276654185705406,0.408604403636094,0.5,0.388287758016918,0.5,0.404883005275136,0.229363274383303,3.7102007014863e-07,2.35254205379216e-96,0.691597907700726,0.553783444884089,0.717546831410488,0.459888107525228,0.717293021039706
"SNU-61",0.50572668242427,0.995197993802229,0.697221047438291,0.277816166751039,0.383599765353264,0.362604824552267,0.322387183702708,0.154945990267178,0.219813347009543,0.447096989955296,0.5,0.484763439135184,NA,0.270498921635081,0.671349384688927,0.651697653232702,0.106796012544065,0.813349473686871,0,0.204302201818047,0.32278467127159,0.270498921635081,0.267495150411608,0.424730833124305,0.448697725572098,3.7102007014863e-07,2.35254205379216e-96,0.728535403141312,0.29614485331624,0.692019302765558,0.487241162252146,0.209296413500923
"SNU-81",0.750782479471707,0.995197993802229,0.622428031850107,0.5,0.635481719128192,0.362604824552267,0.21512052584703,0.32278467127159,0.5,0.453394357897955,0.415935327268172,0.425201225378184,NA,0.597177659862195,0.616902223158631,0.888561669630805,0.769957444946584,0.915223278688305,0.113415421025832,0,0.64690086773546,0.67721532872841,0.890462840357284,0.161633331129037,0.5,3.7102007014863e-07,2.35254205379216e-96,0.739121190902917,0.439732614398952,0.672765928732492,0.411392335635795,0.373462085053165
"SNU-C1",0.705039288000734,0.996351689464417,0.718894497777654,0.67721532872841,0.69874849857179,0.161392422192637,0.358870817682811,0.8756528285784,0.842182610430975,0.59251508814026,0.634938674894722,0.588609217101367,NA,0.741093667382446,0.574440349295838,0.9586102626677,0.322784671271591,0.673712106222793,0,0,0.32278467127159,0.5,0.267495150411608,0.424730833124305,0.726798865855193,3.7102007014863e-07,2.35254205379216e-96,0.7489833748057,0.545853216054221,0.143638842761209,0.591389863034567,0.209296413500923
"SNU-C2B",0.531995773668435,0.991181921861708,0.649021879880022,0.865103793383268,0.580910413189947,0.392504922361675,0.40777726534832,0.826463000262987,0.67721532872841,0.523593762010006,0.875891296786623,0.523752813911784,NA,0.919640495039146,0.224168283590431,0.921543012540837,0.875345719871069,0.710771506270419,0.0567077105129162,0.204302201818047,0.8756528285784,0.388287758016918,0.5,0.281054280353414,0.345801016322616,3.7102007014863e-07,2.35254205379216e-96,0.7489833748057,0.409622699212485,0.692019302765558,0.691916106291822,0.683462383900312
"SNU-C5",0.798294001338619,0.99994088376496,0.32278467127159,0.67721532872841,0.629852484481495,0.221336807151365,0.165050193953477,0.753494982760461,0.780186652990457,0.529701905037838,0.730152176294355,0.721669747009043,NA,0.741093667382446,0.873937627077165,0.763003511018677,0.322784671271591,0.413282425197042,0.179759189329446,0.204302201818047,0.826463000262987,0.67721532872841,0.42615086704039,0.281054280353414,0.0672478925608633,3.7102007014863e-07,2.35254205379216e-96,0.728535403141312,0.714493043867442,0.672765928732492,0.290583291978872,0.824113561255479
"SW1116",0.517616067507723,0.999353546637084,0.395040749034267,0.865103793383268,0.311651168675859,0.221336807151365,0.138449413039748,0.753494982760461,0.842182610430975,0.434436156813772,0.730152176294355,0.696253077504156,NA,0.67721532872841,0.771358026987059,0.921543012540837,0.106796012544065,0.487241162252146,0.2,0.204302201818047,0.64690086773546,0.597177659862195,0.123718572647875,0.788477261720851,0.790724402544595,3.7102007014863e-07,2.35254205379216e-96,0.864010381553353,0.568639266280568,0.725273484181943,0.542894091145134,0.32278467127159
"SW1417",0.364885204012609,0.995197993802229,0.564281942657294,0.5,0.468042243108093,0.250000086556842,0.322387183702708,0.32278467127159,0.5,0.383826630491818,0.415935327268172,0.575934240025804,NA,0.5,0.865881806625329,0.651697653232702,0.769957444946584,0.698885376740547,0.192871788237316,0.32381132869637,0.32278467127159,0.5,0.5,0.739695448904841,0.475036594087121,3.7102007014863e-07,2.35254205379216e-96,0.67721532872841,0.333107875342936,0.103781919653692,0.535736934141579,0.148491294394474
"SW1463",0.380560326635626,0.65405183562072,0.32278467127159,0.67721532872841,0.429460574512176,0.276939019845505,0.57819636598013,0.5,0.67721532872841,0.392062669128432,0.572992885632229,0.469926394449152,NA,0.67721532872841,0.534375715175356,0.888561669630805,0.238800249092471,0.5,0,0,0.5,0.741093667382446,0.267495150411608,0.219512791837638,0.79443322009379,3.7102007014863e-07,2.35254205379216e-96,0.691597907700726,0.235508813036296,0.651418235258924,0.575848826616351,0.267865440649059
"SW403",0.5414360149431,0.421375116517006,0.430829721994004,0.67721532872841,0.354626449577534,0.131866865464716,0.5,0.154945990267178,0.67721532872841,0.294676526547769,0.730152176294355,0.508965266468803,NA,0.5,0.4326198450063,0.990849911395699,0.0344907227888122,0.585104441858588,0.0567077105129162,0,0.154945990267178,0.861194307915595,0.123718572647875,0.343591687473313,0.770636725616697,3.7102007014863e-07,2.35254205379216e-96,0.739121190902917,0.344220528477592,0.220424043970092,0.411392335635795,0.0882935322443204
"SW48",0.341135893473686,0.999979812288774,0.5,0.793548322114184,0.524923667637833,0.404767138372812,0.260985345551839,0.826463000262987,0.5,0.459805711069758,0.821493580315316,0.56467069350518,NA,0.741093667382446,0.616902223158631,0.763003511018677,0.16556025104728,0.542894091145134,0,0.32381132869637,0.32278467127159,0.5,0.267495150411608,0.5,0.297119175676505,3.7102007014863e-07,2.35254205379216e-96,0.691597907700726,0.733421771839768,0.457112320985582,0.532868101080962,0.5
"SW620",0.389667784705386,0.00193811777134484,0.774962075341391,0.67721532872841,0.585653653372691,0.7995448766586,0.450647368693204,0.8756528285784,0.219813347009543,0.624091737429793,0.730152176294355,0.551929357066135,NA,0.597177659862195,0.727118450534849,0.763003511018677,0.322784671271591,0.829259557288694,0.331671226236679,0,0.32278467127159,0.5,0.566893453202426,0.463259560144868,0.435008834116135,3.7102007014863e-07,2.35254205379216e-96,0.335181352192119,0.126577556537784,0.709446021677506,0.691916106291822,0.267865440649059
"SW626",0.366446071316777,0.999062498385563,0.187385794019226,0.865103793383268,0.658406744123174,0.191535505983541,0.341045090083787,0.753494982760461,0.219813347009543,0.639318720994691,0.5,0.594878213491054,NA,0.597177659862195,0.771358026987059,0.763003511018677,0.5,0.408285100286338,0.313415421025832,0,0.5,0.388287758016918,0.191121208986918,0.837284816558825,0.111752479561802,3.7102007014863e-07,2.35254205379216e-96,0.465745870011658,0.29614485331624,0.601119608385173,0.580697151182151,0.32278467127159
"SW837",0.792872636404012,0.987628110680502,0.430829721994004,0.865103793383268,0.283311139800978,0.876278668190266,0.082527029583605,0.826463000262987,0.67721532872841,0.356102944400205,0.686863357163565,0.398207678525703,NA,0.791284248958305,0.76154410081266,0.838609631092712,0.0344907227888122,0.631501755509339,0.2,0,0.64690086773546,0.861194307915595,0.817376094646718,0.384706420257748,0.690712823584994,3.7102007014863e-07,2.35254205379216e-96,0.774874690468716,0.409622699212485,0.672765928732492,0.716216372098969,0.32278467127159
"SW948",0.49656841277028,0.987628110680502,0.67394514083179,0.67721532872841,0.34650866980026,0.250000086556842,0.56078637719955,0.64690086773546,0.67721532872841,0.621474099671984,0.5,0.54654842477591,NA,0.830508888033501,0.652592044157562,0.763003511018677,0.322784671271591,0.790987629782004,0,0,0.64690086773546,0.270498921635081,0.123718572647875,0.534760065941171,0.59631829665209,3.7102007014863e-07,2.35254205379216e-96,0.717147919761872,0.21752867407193,0.220424043970092,0.411392335635795,0.267865440649059
"T84",0.341135893473686,0.991181921861708,0.532849706546064,0.5,0.450628005518871,0.191535505983541,0.238569728716036,0.154945990267178,0.5,0.569731441739533,0.5,0.570361049263556,NA,0.388287758016918,0.758105813543379,0.5,0.322784671271591,0.766480477982631,0,0,0.5,0.388287758016918,0.267495150411608,0.180345970612826,0.475036594087121,3.7102007014863e-07,2.35254205379216e-96,0.530650954603589,0.344220528477592,0.143638842761209,0.430497033366813,0.419776215050456
"UACC-257",0.318614161474461,0.00193811777134484,0.67394514083179,0.0909766290281606,0.655582077166275,0.824339757620095,0.649319458383455,0.154945990267178,0.5,0.571018696422995,0.32278467127159,0.183140958627759,NA,0.270498921635081,0.574440349295838,0.161390368907288,0.106796012544065,0.48898225146849,0.0399319821192265,0,0.5,0.388287758016918,0.758627254533146,0.551361165155797,0.361473624411775,0.996563616777992,2.35254205379216e-96,0.384044593878893,0.648361526759118,0.32278467127159,0.521666644818638,0.849655848011057
"UACC-62",0.342123390325642,0.175507287124117,0.532849706546064,0.5,0.544490160541795,0.824344403029821,0.57819636598013,0.32278467127159,0.219813347009543,0.487904971697249,0.134007382676316,0.269402590090342,NA,0.270498921635081,0.0706595171506303,0.0564051435862443,0.411870604106641,0.5,0.0632906942384417,0,0.5,0.388287758016918,0.566893453202426,0.612460448475015,0.420974556463267,0.00250218075611077,2.35254205379216e-96,0.384044593878893,0.658665236935892,0.220424043970092,0.69132956351298,0.717293021039706
"VMRC-MELG",0.573662869963794,0.998856437100857,0.739026464125816,0.865103793383268,0.709395361738653,0.824344662447188,0.521841918020459,0.32278467127159,0.219813347009543,0.414613106777042,0.415935327268172,0.486404587716241,NA,0.741093667382446,0.727118450534849,0.763003511018677,0.16556025104728,0.774734203356898,0.393878561135155,0,0.753494982760461,0.904406991364361,0.566893453202426,0.463259560144868,0.0063459406617,3.7102007014863e-07,1.49241742417382e-14,0.558186584592497,0.798042965726918,0.353129464796337,0.411392335635795,0.642944651483841
"WM-115",0.425570381331428,0.0362422474611415,0.5,0.277816166751039,0.363791658689617,0.749999999873614,0.726192562287569,0.5,0.67721532872841,0.53321240162176,0.225756938270399,0.242035734041336,NA,0.5,0.044390041559235,0.5,0.717746304570559,0.487241162252146,0.204577744266692,0,0.5,0.597177659862195,0.5,0.720546837191931,0.647709274002577,0.999999997067921,2.35254205379216e-96,0.796291379418209,0.786032983881438,0.5,0.431255881214275,0.758365010773717
"WM-266-4",0.382060972949445,0.00193811777134484,0.187385794019226,0.67721532872841,0.294342610829861,0.801781467981164,0.818239270002434,0.32278467127159,0.67721532872841,0.455838480484972,0.225756938270399,0.197950939085866,NA,0.388287758016918,0.0706595171506303,0.32278467127159,0.717746304570559,0.542894091145134,0.172359785514897,0,0.5,0.270498921635081,0.67721532872841,0.781166942568155,0.662899047609307,0.99995231446522,2.35254205379216e-96,0.384044593878893,0.528853694974019,0.433541578107102,0.58332453781309,0.66413751793717
"WM1552C",0.53962115278693,0.999540805627942,0.430829721994004,0.936606156080086,0.572857598828808,0.961136418287518,0.282400240551621,0.64690086773546,0.219813347009543,0.541925908046074,0.32278467127159,0.286274702892354,NA,0.830508888033501,0.583555337915466,0.651697653232702,0.0635613393754059,0.411392335635795,0.214406120824923,0.204302201818047,0.826463000262987,0.741093667382446,0.67721532872841,0.582972388888223,0.00189718749372926,3.7102007014863e-07,2.35254205379216e-96,0.217547466845336,0.822554200039315,0.457112320985582,0.411392335635795,0.534509292531828
"WM278",0.496907748267824,0.65405183562072,0.252398121838008,0.67721532872841,0.469215854279786,0.691535419426689,0.814577691651093,0.8756528285784,0.842182610430975,0.387687608494304,0.686863357163565,0.271631440715441,NA,0.597177659862195,0.044390041559235,0.5,0.322784671271591,0.408628952139991,0.180634795144482,0,0.8756528285784,0.67721532872841,0.625963023503965,0.404883005275136,0.757219983394999,0.944319506521627,1,0.558186584592497,0.514980526759031,0.537850250901109,0.671932202177295,0.758365010773717
"WM35",0.758736649573676,0.00193811777134484,0.157904615955918,0.67721532872841,0.575873330533651,0.862604660545921,0.551592414630423,0.64690086773546,0.67721532872841,0.339943323253691,0.5,0.178393459582774,NA,0.270498921635081,0.0706595171506303,0.5,0.717746304570559,0.710827549089643,0,0,0.32278467127159,0.67721532872841,0.758627254533146,0.639862459165394,0.566974963061668,0.999999999711762,1,0.279925378558447,0.637256004537063,0.586670883387898,0.576956658842637,0.565736202161925
"WM793B",0.53962115278693,0.997791886176396,0.854083919659455,0.793548322114184,0.783639557162956,0.749999999997025,0.830060139882684,0.990082980243365,0.219813347009543,0.521044393674325,0.225756938270399,0.440212939482434,NA,0.388287758016918,0.269398185203867,0.763003511018677,0.322784671271591,0.673712106222793,0.2,0,0.826463000262987,0.791284248958305,0.721177390180501,0.847202766789866,0.0128098043996543,0.30378281394453,1,0.465745870011658,0.868690890927611,0.651418235258924,0.527459615311266,0.808580267726119
